<?xml version="1.0" encoding="UTF-8" standalone="no"?><locura><canciones><cancion><ID>1</ID><Artista>Nirvana</Artista><Genero>Rock</Genero><Album>Nevermind</Album><Year>1991</Year><Nombre>Smells Like Teen Spirit</Nombre><Url>Music\Smells Like Teen Spirit.mp3</Url><ID>2</ID><Artista>Nirvana</Artista><Genero>Rock</Genero><Album>Nevermind</Album><Year>1991</Year><Nombre>Something In The Way</Nombre><Url>Music\Something In The Way.mp3</Url><ID>3</ID><Artista>Artic Monkeys</Artista><Genero>Pop</Genero><Album>AM </Album><Year>2013</Year><Nombre>Do I Wannna Know</Nombre><Url>Music\The Hills.mp3</Url><ID>4</ID><Artista>The White Stripes</Artista><Genero>Rock</Genero><Album>Elephant </Album><Year>2003</Year><Nombre>Seven Nation Army</Nombre><Url>Music\Seven Nation Army.mp3</Url><ID>5</ID><Artista>Dr.Dre</Artista><Genero>Rap</Genero><Album>2001 </Album><Year>1999</Year><Nombre>Still DRE</Nombre><Url>Music\Still DRE.mp3</Url><ID>6</ID><Artista>Coolio</Artista><Genero>Rap</Genero><Album>Gangsta's Paradise </Album><Year>1995</Year><Nombre>Gangsta's Paradise</Nombre><Url>Music\Gangstas Paradise.mp3</Url><ID>7</ID><Artista>Rob Stone</Artista><Genero>Rap</Genero><Album>Chill Bill</Album><Year>2014</Year><Nombre>Chill Bill</Nombre><Url>Music\Chill Bill.mp3</Url><ID>8</ID><Artista>Los Cuates de Sinaloa</Artista><Genero>Corridos</Genero><Album>Negro y Azul: The Ballad of Heisenberg</Album><Year>2010</Year><Nombre>Negro y Azul</Nombre><Url>Music\Negro y Azul.mp3</Url><ID>9</ID><Artista>Maroon 5</Artista><Genero>Pop</Genero><Album>Songs About Jane</Album><Year>2002</Year><Nombre>This Love</Nombre><Url>Music\This Love.mp3</Url><ID>10</ID><Artista>Maroon 5</Artista><Genero>Pop</Genero><Album>Songs About Jane</Album><Year>2002</Year><Nombre>Sunday Morning</Nombre><Url>Music\Sunday Morning.mp3</Url></cancion></canciones></locura>